user_id,degree,community_id,weighted_degree,pagerank,政客bias,媒体bias
25073877,69,0,367.0,0.0005206296691613,,
874970256,18,0,104.0,0.00372046848876,,
875106966,13,0,80.0,0.0014944318939245,,
2228878592,81,1,424.0,0.0006470318156594,,
973698792519282688,15,1,52.0,0.0038598924708572,,
1722907592,26,0,67.0,0.0028442395157418,,
1083157067463098370,36,0,87.0,0.0069565584378046,,
1142078330054828032,19,1,42.0,0.0018601540023308,,
832170559,20,1,42.0,0.000747814507274,,
357606935,18,10,47.0,0.0005206296691613,,
25506240,4,10,23.0,0.0007313130427848,,
865225293841158145,20,0,54.0,0.0052532388379659,,
1204230348609064961,25,0,47.0,0.005597963008753,,
1109400043881226240,25,1,47.0,0.0008918036041169,,
234210005,14,0,37.0,0.0006997122792722,,
1157388784301793280,3,0,29.0,0.0011008397979506,,
1162757233987522562,31,1,49.0,0.0006853992875401,,
2500055300,50,1,79.0,0.0017905800689502,,
784744998734532608,19,0,35.0,0.0032091776839352,,
934049237628841984,3,0,16.0,0.0006521091778792,,
964658316021587970,22,0,43.0,0.0026465987272404,,
36840498,36,1,48.0,0.0049141127828217,,
1426302834,16,0,47.0,0.0009503109316835,,
18247062,17,0,55.0,0.0020147727296418,,
1141928177046106114,2,10,13.0,0.0005439178364157,,
805837455697977344,17,10,31.0,0.0058654592068333,,
2863334490,17,1,28.0,0.0007861336346757,,
432895323,11,0,32.0,0.0008178896381579,,
374871742,10,1,20.0,0.000661487157143,,
408875175,19,1,31.0,0.000660111206124,,
944378643232448512,22,1,35.0,0.0014897117591148,,
1172589774235938816,14,1,26.0,0.000533693483971,,
822215673812119553,11,0,23.0,0.0016098309345839,,
1131542859902083072,41,1,59.0,0.000883974783441,,
1145899973139034112,40,1,53.0,0.0005323871024901,,
294822641,13,1,21.0,0.0005653467442058,,
1157065455623954432,45,1,56.0,0.0006145513976463,,
3152337114,12,7,24.0,0.000560854685328,,
226222147,21,7,65.0,0.0033900000470639,,
21978222,30,1,38.0,0.0005310807210091,,
2721049359,20,10,30.0,0.0048702042801591,,
53091029,5,10,13.0,0.0044451440096508,,
1189782859688660995,13,1,21.0,0.0012144326166993,,
1064280595755237377,14,1,21.0,0.0005500342764747,,
331825712,18,0,25.0,0.0007640034056323,,
1173808918398722048,17,1,26.0,0.0008151078504907,,
2810692520,12,7,24.0,0.000806322428959,,
1108472017144201216,3,0,10.0,0.0006681213951059,,
76751473,27,1,36.0,0.0006603444821978,,
709161467401019392,18,0,37.0,0.0052618757503648,,
1184362499518402560,23,1,30.0,0.0005297743395281,,
489057924,9,7,19.0,0.0008711768843234,,
1159058331320901633,14,7,24.0,0.0005349030619946,,
886696144683794432,6,10,17.0,0.0005995119259832,,
939091,18,10,38.0,0.0024757519619771,,
216776631,63,8,128.0,0.0020008936175612,,
15975316,12,8,18.0,0.001593988295678,,
4872993094,17,0,24.0,0.0024965766105249,,
3353061012,12,0,17.0,0.0008580098400814,,
492833134,21,0,42.0,0.0015697527004212,,
3644915056,9,10,16.0,0.0012652169380534,,
45645232,2,10,7.0,0.0011665479708416,,
22740127,25,1,31.0,0.0008195963426158,,
1722834998,13,1,18.0,0.000587982989103,,
790627627,9,10,19.0,0.0005206296691613,,
20640982,8,10,14.0,0.0007235694123783,,
928755127,20,0,36.0,0.0008508209685233,,
4228788018,20,0,26.0,0.0017430630559804,,
598973191,21,8,37.0,0.0012019042289294,,
17877451,4,8,11.0,0.0009198630824223,,
1073047860260814848,10,10,15.0,0.0011250065420336,,
893331068,13,10,23.0,0.0026392798276197,,
3530404094,14,0,25.0,0.0005679363416324,,
18266688,28,0,58.0,0.0005206296691613,,
19894290,20,1,24.0,0.0005461151320318,,
800570658929262592,10,10,23.0,0.0006118130226259,,
25811031,8,10,13.0,0.001414461271963,,
2324935292,27,1,33.0,0.000577795488326,,
321774180,11,10,19.0,0.000854012832169,,
834657630,20,10,28.0,0.0037881596730952,,
729676086632656900,18,0,31.0,0.0005595970153737,,
2864856363,24,0,33.0,0.0009831852294901,,
26637348,5,1,12.0,0.0007928556268179,,
922882763136688128,1,9,5.0,0.0005206296691613,,
21522338,2,9,9.0,0.0009631048469951,,
956989774010732544,27,0,33.0,0.0006678276279363,,
4461247456,21,1,26.0,0.0009289600479253,,
4864402683,15,8,21.0,0.0006037825783158,,
19682187,5,10,9.0,0.0005691079428623,,
323440720,2,10,6.0,0.0019512024970464,,
1496936984,15,1,20.0,0.0006025695575172,,
2559436158,26,8,34.0,0.0006360956112844,,
76763663,24,8,32.0,0.0006502020190854,,
11134252,20,0,46.0,0.0027536143389792,,
183673918,20,8,27.0,0.0014687174458669,,
1110675502073733120,24,1,31.0,0.0024194541104441,,
1140707287348207616,16,1,20.0,0.0006371607339376,,
2353605901,34,0,51.0,0.0005206296691613,,
1193342580978847744,15,1,20.0,0.0018560338096343,,
43014978,15,10,34.0,0.0006266941665161,,
1041318026451152896,10,10,15.0,0.0022475600735746,,
1048370469622054914,13,8,17.0,0.0013596049556141,,
2964839109,13,1,21.0,0.0010969005895469,,
4165642155,18,0,29.0,0.0008831386851321,,
735633664696946689,5,0,8.0,0.0008164185312696,,
757272075484565504,23,8,35.0,0.0056378940145512,,
715620316228292611,16,8,21.0,0.0078376312062125,,
931286316,15,0,21.0,0.0010117868493095,,
1117874908179124225,12,7,18.0,0.0006431421211173,,
68611923,11,7,18.0,0.0011092932636916,,
792660210,12,0,16.0,0.0031731247436294,,
39308549,1,0,4.0,0.0008030205334813,,
362028861,4,1,7.0,0.0005206296691613,,
171954269,16,10,21.0,0.0007426669684369,,
2468708726,11,0,16.0,0.0047156214194938,,
2178932921,15,10,20.0,0.0006968442147901,,
3141672447,37,8,52.0,0.0009383911212096,,
1000075108491382784,10,10,21.0,0.0020323321676993,,
30726383,12,10,25.0,0.0119703267475712,,
788131075318910976,7,0,11.0,0.0005506956766469,,
835729260,4,0,7.0,0.0023363283627612,,
1143571304404148224,15,7,30.0,0.001973595063327,,
16263803,12,8,16.0,0.0016358522865712,,
1003945095371030531,17,10,21.0,0.0005364323540839,,
520421064,10,0,13.0,0.0006495220055872,,
975930416233369600,29,1,32.0,0.0008495401872172,,
1133555455874207747,11,1,14.0,0.0007572847479648,,
1077790895783653377,11,1,14.0,0.001173533451089,,
768234121873264642,26,1,29.0,0.0006864882642165,,
818948638890217473,13,0,17.0,0.0009950232009592,,
547155318,16,10,25.0,0.0008355444764121,,
959538422812676096,23,0,32.0,0.0009625182975496,,
1107497791155105793,14,1,17.0,0.0006149981711462,,
1345940180,9,8,12.0,0.0010356746753177,,
870078626066202624,11,1,14.0,0.0009342655804921,,
920122212,30,8,41.0,0.0014806642021483,,
21563711,19,1,22.0,0.0008678278154431,,
847111508890976257,29,0,42.0,0.0008971744209079,,
236487888,20,10,31.0,0.0005206296691613,,
4180736069,11,10,16.0,0.0011388566723297,,
1037989633,26,1,37.0,0.0008862790067493,,
1168567780549058561,16,1,23.0,0.0005245488136042,,
1127347059676385280,19,10,24.0,0.0009232116275014,,
300642262,5,10,8.0,0.000778642651867,,
11435642,4,10,7.0,0.0015244228145409,,
727137760574857216,16,0,23.0,0.0005965797366846,,
4128148629,10,7,15.0,0.0008553653865037,,
346896433,1,9,4.0,0.0013394693526902,,
1184727405308633088,18,1,22.0,0.0016549712173159,,
1127683471592296448,26,0,35.0,0.0008538967181097,,
758042170968375296,21,8,28.0,0.0007882451121884,,
52338305,11,0,16.0,0.0005206296691613,,
3224321133,21,10,32.0,0.0010350837461117,,
274891222,13,0,17.0,0.0009331818571332,,
1155339846371741696,17,0,26.0,0.0011933154462902,,
7027112,9,10,15.0,0.0005775849949343,,
1027727549550526464,13,10,16.0,0.0007582363885959,,
1166458687302451200,17,1,19.0,0.0006521734083038,,
1493248418,16,7,25.0,0.0006826739444513,,
860530914,18,7,29.0,0.0011749515636158,,
1150860862426628101,10,8,12.0,0.0007326740943018,,
1174909398445019138,23,1,25.0,0.0006751178994273,,
1070785811396919297,20,0,30.0,0.0008229888983772,,
2863996955,15,10,25.0,0.0005729555960921,,
3168663944,4,0,6.0,0.0008175316990393,,
60354031,14,10,19.0,0.0010336673186463,,
3266619146,23,0,29.0,0.0020499032344975,,
22596164,25,1,31.0,0.0005219360506422,,
27943005,14,10,17.0,0.0010390750706536,,
2918212191,17,8,22.0,0.0005671076586179,,
803774148338188289,13,10,18.0,0.0011046548195853,,
793658020743876608,12,10,18.0,0.0011461915287563,,
1194787827168563200,18,1,20.0,0.0005245488136042,,
21001599,2,10,4.0,0.0005206296691613,,
1020134989172748294,9,10,12.0,0.0009674567103876,,
2155027064,12,1,15.0,0.0005245488136042,,
983766825610694656,6,0,8.0,0.0006051453428742,,
999392118115356673,19,10,28.0,0.0010236886349144,,
16582131,5,10,7.0,0.0005206296691613,,
1130661180610007042,9,0,14.0,0.0005725386610313,,
816736590412337158,17,0,23.0,0.0019814580650629,,
30354991,17,10,19.0,0.0006362104120801,,
762390432437399556,26,0,33.0,0.000798914825054,,
1094282233949622272,8,0,13.0,0.0009117353979878,,
548384458,24,10,28.0,0.0005206296691613,,
885722677,12,10,14.0,0.0009584463706873,,
3950712869,12,0,14.0,0.0007538347279441,,
219915177,12,1,16.0,0.0008170792596642,,
1086976130819809280,16,10,19.0,0.0005439178364157,,
601537492,12,10,17.0,0.0008734141980705,,
606907410,4,10,7.0,0.0005507057469173,,
16581604,2,10,4.0,0.0008014642038588,,
123281100,13,10,19.0,0.0005206296691613,,
811215353183424513,14,10,19.0,0.0006915529318325,,
715617989656051712,2,10,5.0,0.0005206296691613,,
16691174,13,1,16.0,0.0006116756241954,,
711287276479754241,17,8,20.0,0.0005206296691613,,
1174583791744147456,17,1,20.0,0.0005616994275964,,
33913156,6,10,8.0,0.0007781806040651,,
471677441,28,10,38.0,0.0005206296691613,,
84219973,12,0,20.0,0.0016355986973939,,
21545041,14,0,18.0,0.0008979427558729,,
837421871654031360,14,1,17.0,0.0005935115269386,,
168406203,17,8,21.0,0.0011963814895229,,
27493883,20,10,30.0,0.0034448075573192,,
978167070633291776,6,7,8.0,0.0007405457710988,,
179341792,22,0,26.0,0.0020495175019651,,
612557998,9,10,11.0,0.0008279908838951,,
992870137240764417,6,0,8.0,0.0008473638164233,,
26512972,13,1,15.0,0.0005429200375566,,
890306613785088000,20,10,24.0,0.0037947931215145,,
16930125,28,8,31.0,0.0010751081267743,,
1109138224411222016,5,7,7.0,0.0013093750322517,,
45676731,23,0,31.0,0.0021697938604487,,
1036803577207877632,9,10,12.0,0.0022295084671834,,
1011658090268188672,4,10,6.0,0.0014378810977759,,
19211550,8,0,13.0,0.0009649192568414,,
1121492192235806721,2,10,4.0,0.0005206296691613,,
1123329338,4,10,7.0,0.0012763473587536,,
2547790158,19,10,22.0,0.0020589311243506,,
1170523367616720896,30,1,39.0,0.0054022442007405,,
20104539,16,1,25.0,0.0034314480471488,,
1148461061999194112,21,8,27.0,0.0006107597959619,,
188793260,42,8,48.0,0.0019991787172744,,
1166042641064243200,9,1,12.0,0.0008229001087292,,
733063923620945920,18,0,27.0,0.0055293713074937,,
1091145234279481347,15,8,18.0,0.0033127208964994,,
1917731,25,1,30.0,0.001043642971785,,
246871490,4,0,6.0,0.000602580236185,,
937729411947876357,9,7,13.0,0.0037560438846542,,
978864793477054465,12,0,17.0,0.0007593578379894,,
553991829,6,0,10.0,0.000915040894555,,
812361923304034304,4,10,6.0,0.0034558805917796,,
3192962633,5,0,7.0,0.0016808019488721,,
1909127594,15,10,17.0,0.0009078138195405,,
36706851,6,10,7.0,0.0005539172670015,,
365683145,3,10,4.0,0.0006269913325326,,
829715365223682048,11,8,14.0,0.0005206296691613,,
1150143856618430464,15,8,19.0,0.0007654274191747,,
113364160,12,8,14.0,0.000542753428053,,
818910970567344128,25,0,30.0,0.0005218353235968,,
27995424,11,0,12.0,0.0007645210531367,,
18089606,3,0,4.0,0.0008778590161664,,
1173388464,9,0,11.0,0.0005206296691613,,
454513795,5,0,7.0,0.0006010797014947,,
21522828,24,0,26.0,0.0007499285000363,,
43753976,18,0,22.0,0.0012346672490324,,
3241154353,9,8,11.0,0.0006810986308015,,
755057897583804416,6,10,7.0,0.0007730565872584,,
34315154,4,1,5.0,0.0006329252749122,,
170641465,9,8,10.0,0.0005554367852068,,
756903193901162496,13,10,14.0,0.0007304952864179,,
1456953931,6,10,10.0,0.001508014578881,,
260759782,9,10,11.0,0.0007091240784607,,
26417015,21,10,25.0,0.0014087929656073,,
1120055625742819328,24,1,25.0,0.0006332415894947,,
838033969954320385,7,0,11.0,0.0012079748788727,,
84894878,17,0,22.0,0.0008583075050572,,
1901404746,8,1,9.0,0.0005696232997731,,
771791833,11,0,12.0,0.0012154876302631,,
22204234,18,8,22.0,0.0014688926043029,,
778763106289758208,13,0,14.0,0.0009226223641454,,
1009577803304656896,9,10,11.0,0.0009501585164009,,
226871416,6,1,7.0,0.0006477592692754,,
33537967,23,10,27.0,0.0012060104232875,,
2761230314,3,10,4.0,0.0012245072244858,,
15808765,5,8,6.0,0.0005206296691613,,
317385247,1,0,2.0,0.0007530248906656,,
1140659626444070912,6,1,9.0,0.0005322376106783,,
94132483,20,0,22.0,0.0016905146596686,,
1088096065558102017,14,10,18.0,0.0009754514573843,,
2249861570,15,0,18.0,0.0009017773083423,,
478855762,9,0,10.0,0.000676797378985,,
899149856,5,0,6.0,0.0010550529951359,,
850062189272674304,10,0,11.0,0.0009668674391666,,
1135270672735903746,3,1,4.0,0.0005206296691613,,
1072386122548830209,5,10,6.0,0.0005820240308162,,
221121595,19,0,21.0,0.000630442499289,,
769870028204220417,10,0,11.0,0.0005359227965474,,
2256965582,8,0,10.0,0.0007652167205121,,
1125399808670351361,19,0,21.0,0.0005580797655302,,
546111899,17,1,18.0,0.0009051492206844,,
97114302,12,1,13.0,0.0006490314437245,,
802529272623726593,4,0,7.0,0.0005638086779578,,
162104004,10,1,12.0,0.0005232424321232,,
802584787,29,8,33.0,0.0007800169242474,,
1067293117,12,8,13.0,0.0008492196994188,,
21146733,20,8,21.0,0.0012779605757065,,
3836008983,7,0,8.0,0.0006001722651947,,
732980827,10,0,12.0,0.0007712530880554,,
1190136594352590849,16,1,18.0,0.0006609872374915,,
43078558,16,1,21.0,0.001209483637356,,
1103939416362348544,8,1,9.0,0.0008918341060376,,
3231033384,16,1,17.0,0.0009745859955062,,
823367015830323201,11,0,19.0,0.0008104522613422,,
3088857280,9,0,11.0,0.0006266619408296,,
16113072,8,8,10.0,0.0008574178760347,,
139596582,4,10,5.0,0.0011173603375495,,
1068285150641995776,9,8,10.0,0.0007981364100869,,
24616657,2,8,3.0,0.00062931145629,,
989899992432369664,9,7,10.0,0.0014518378978126,,
377350150,4,10,5.0,0.0008712859248484,,
63996778,9,0,10.0,0.0010328673835897,,
2397840366,11,10,13.0,0.0017547933230835,,
882724194148110336,11,8,12.0,0.0005206296691613,,
4004609957,19,8,20.0,0.0009519361260248,,
460233029,5,1,7.0,0.0005206296691613,,
115129636,9,10,10.0,0.0006463503071851,,
1171909867021492226,18,1,19.0,0.0008475718185535,,
418867782,12,0,13.0,0.0006868042841797,,
896536097655853059,3,10,4.0,0.0007221167813474,,
3345579826,23,7,26.0,0.0019153118602006,,
14297863,20,1,21.0,0.0008762293888458,,
851335608702189568,7,1,10.0,0.0010325033527909,,
470468291,11,0,14.0,0.0005521917233017,,
4214321,7,10,8.0,0.0005798100743682,,
16721452,8,10,10.0,0.0009967266471932,,
1120819174476062722,11,7,13.0,0.0006832226354992,,
394101339,10,8,12.0,0.0007050048234357,,
521996289,26,8,30.0,0.00121039267548,,
3074932775,12,10,15.0,0.001299188950273,,
1116173691270811649,13,1,15.0,0.0008383010904703,,
4048852873,6,0,7.0,0.0012877767214557,,
1490442355,17,1,18.0,0.0006599940934641,,
11856892,5,10,6.0,0.000961863561934,,
770781940341288960,11,0,12.0,0.000548531356731,,
46764631,14,1,16.0,0.0011187665636154,,
27753686,11,7,14.0,0.0018400033872422,,
885661050,16,8,18.0,0.0014619307866808,,
746813582386438144,9,7,11.0,0.0019255836274724,,
1209994700,10,10,11.0,0.0024120225264029,,
15757578,3,0,4.0,0.0006374466626078,,
36423281,10,8,11.0,0.0012791203315099,,
859315448,18,8,22.0,0.002182709015446,,
902548250057728001,6,8,7.0,0.0007045341830572,,
811298843337850880,3,8,4.0,0.0006033584718574,,
2449913803,3,0,4.0,0.0005218353235968,,
999084321184141312,3,0,5.0,0.0010669489086394,,
16625082,14,8,16.0,0.0011349431806492,,
1685873604,7,10,8.0,0.0007062344026883,,
406483952,10,0,12.0,0.0008155507533717,,
741955390653534208,1,0,2.0,0.000760229924344,,
14823835,14,1,15.0,0.0005232424321232,,
38917331,4,0,5.0,0.001332729291134,,
1573472503,3,0,4.0,0.0011984159307361,,
816683274076614656,6,0,9.0,0.0006315048427108,,
947964830358622209,13,8,14.0,0.0021050401704508,,
790629748024029184,5,0,6.0,0.0014395496487204,,
319525018,14,1,15.0,0.0009262071762284,,
13524182,4,8,5.0,0.0005206296691613,,
121631678,3,8,4.0,0.000709263823922,,
15099295,24,1,27.0,0.0016189617606739,,
731608385645318144,6,0,7.0,0.0013766492262907,,
48142004,10,1,11.0,0.0008647195588831,,
26487169,8,0,11.0,0.0008075036651151,,
35516339,24,8,27.0,0.0021142462845812,,
17685258,11,0,14.0,0.0012242811528417,,
3000620722,4,0,5.0,0.0006968946852561,,
833839440,22,8,24.0,0.0013277639564607,,
347627434,9,0,10.0,0.0006186767875756,,
60403024,8,0,9.0,0.0017625568497857,,
814979549503115264,20,0,23.0,0.0045597022704968,,
39076082,4,0,5.0,0.0005218353235968,,
2351909388,2,0,3.0,0.0008353036393052,,
1004178700466876416,17,10,19.0,0.0009356462809948,,
23359769,2,0,4.0,0.0005762683144689,,
61008839,6,0,7.0,0.0008730710598999,,
14372270,9,8,10.0,0.0007365793948433,,
716842239813558272,17,8,19.0,0.0019173253082546,,
1046201039320494081,17,10,21.0,0.0054615137368808,,
1090388423733583874,10,8,11.0,0.0016708555436178,,
27282113,6,10,8.0,0.000549176454828,,
14839147,3,0,4.0,0.0005206296691613,,
503400523,5,0,6.0,0.0005661779966618,,
15212187,8,0,9.0,0.0006381730169079,,
620571475,6,0,8.0,0.000617933183511,,
861398108,18,8,20.0,0.0020488019981003,,
378295286,8,8,9.0,0.0005898378871412,,
626455898,4,10,5.0,0.0005206296691613,,
1640929196,11,10,12.0,0.0006777561670831,,
945012234215755776,13,8,16.0,0.0034586200907738,,
23903580,24,8,35.0,0.003880158731284,,
1162841025846677504,8,1,9.0,0.0007336900508801,,
16315143,3,0,4.0,0.0005230409780323,,
18108585,3,10,4.0,0.0007144414155238,,
3085494124,1,0,2.0,0.0005206296691613,,
940430173517811714,1,0,2.0,0.0005206296691613,,
4270724112,5,10,7.0,0.0007513335223103,,
37110994,4,10,5.0,0.0008792400055302,,
49128933,19,8,22.0,0.0043076713284098,,
722171848201383937,11,10,16.0,0.0019217483166957,,
18320938,6,10,7.0,0.0009377575115396,,
786179658,17,10,19.0,0.0023917457943042,,
797127998164107264,14,10,15.0,0.0016754064520641,,
212391284,4,10,5.0,0.0005736619178387,,
492854622,4,10,5.0,0.0005707954833416,,
14731096,4,10,6.0,0.0013617919117602,,
875257637016924160,15,1,18.0,0.0030553939716768,,
562498029,11,10,12.0,0.0023487071610474,,
42074224,7,10,9.0,0.0006934775626236,,
2596413645,13,0,14.0,0.0017685310141141,,
357523121,8,7,9.0,0.0005808871504472,,
887364546,4,1,5.0,0.0006765790956045,,
771152516,25,1,26.0,0.0005575026006474,,
740264413178023936,2,8,3.0,0.0011420886435499,,
734184327391645696,15,10,17.0,0.0032221371139271,,
389532043,11,10,13.0,0.0030759804063417,,
65497475,3,10,4.0,0.0006370364780759,,
592730371,4,0,5.0,0.0007405550601862,,
1199546555109392384,14,1,15.0,0.0049767287796376,,
1204908453187244035,5,1,6.0,0.0011420944820437,,
1164013468854431744,13,1,14.0,0.0006576492490346,,
821134316637802501,10,10,12.0,0.0011978630345788,,
833402240241065984,1,10,2.0,0.0006691368229538,,
3885806474,4,10,6.0,0.0008138779373028,,
258854542,18,1,24.0,0.0050279970387437,,
1083551928821448710,13,0,14.0,0.0083448999704659,,
47471027,4,10,5.0,0.0005372734680814,,
61734492,5,10,6.0,0.000812346955245,,
1142061161359249409,22,1,25.0,0.0031775069357722,,
82643763,7,1,8.0,0.0024865170186297,,
255812611,2,10,3.0,0.0008249815136319,,
3981225735,5,0,7.0,0.0026409238639715,,
488236286,5,0,7.0,0.0022523087815385,,
1208260348849115137,1,0,2.0,0.000760229924344,,
246103,12,10,13.0,0.0060335993584241,,
15965107,11,10,12.0,0.0195097617265046,,
734783792502575105,7,10,8.0,0.0059242756123932,,
243459994,10,10,11.0,0.0086063606919571,,
15579405,19,1,21.0,0.0061900945389594,,
15445129,1,6,1.0,0.0005206296691613,,
805516112456581120,1,6,1.0,0.0009631048469951,,
52544275,3,0,3.0,0.0005206296691613,,
38378898,6,8,6.0,0.0005206296691613,,
14327933,11,7,11.0,0.0005206296691613,,
1195456421116043270,4,7,4.0,0.000560854685328,,
778743512,9,0,9.0,0.0006459981292795,,
3103213542,2,10,2.0,0.000609124704728,,
127156294,7,8,7.0,0.0006253696059353,,
472034589,3,10,3.0,0.0006134145737139,,
96675300,10,10,10.0,0.0008255114404834,,
1018720749929066497,5,7,5.0,0.0005403955808282,,
813880878837268480,1,10,1.0,0.0005434255075274,,
1112903145838071808,5,8,5.0,0.0005206296691613,,
834511028641624066,7,10,7.0,0.0006066531298393,,
87983041,13,10,13.0,0.0006424401758885,,
78231411,2,10,2.0,0.0007487627534775,,
25837289,4,0,4.0,0.0005206296691613,,
634706965,2,10,2.0,0.0005300440346471,,
2865907814,3,10,3.0,0.0005206296691613,,
21879831,2,10,2.0,0.0006681213951059,,
1106357423042899969,1,10,1.0,0.0005300440346471,,
14816103,9,1,9.0,0.0005706058657602,,
939190598497644544,5,0,5.0,0.0007598824458391,,
779742611628175360,2,10,2.0,0.0005206296691613,,
57362322,7,10,7.0,0.0005988789682471,,
198357693,3,10,3.0,0.0005349030619946,,
49698134,2,10,2.0,0.0005206296691613,,
47293791,10,0,10.0,0.0007778179756668,,
402888514,2,10,2.0,0.0006093954243271,,
47340859,3,8,3.0,0.000542753428053,,
1182332284403376128,2,0,2.0,0.0005661779966618,,
1159585651110666246,2,10,2.0,0.0006312484636197,,
701081673681637376,2,8,2.0,0.0005390525213785,,
19161570,8,10,8.0,0.000591060108546,,
1069422303816138752,4,0,4.0,0.0005218353235968,,
1074782372594413569,2,0,2.0,0.0005206296691613,,
1091216816,2,0,2.0,0.0005359227965474,,
878087280321335298,1,0,1.0,0.0005206296691613,,
25801216,4,10,4.0,0.0005592281924501,,
1173786247,4,10,4.0,0.000921905752611,,
818927131883356161,1,0,1.0,0.0005206296691613,,
246500501,4,0,4.0,0.0005206296691613,,
19084896,14,10,14.0,0.0005206296691613,,
101816065,3,10,3.0,0.0005206296691613,,
3690888203,4,8,4.0,0.0005390525213785,,
39344374,2,0,2.0,0.0005912273852413,,
4091551984,3,10,3.0,0.0005206296691613,,
2149412456,10,7,10.0,0.0008093634772405,,
179245596,1,0,1.0,0.0005574531655252,,
1178967284297154563,18,8,18.0,0.0011371280279077,,
18805188,4,8,4.0,0.0006460933974212,,
905153319253004288,3,0,3.0,0.0005918895095518,,
21862217,26,1,26.0,0.0008934900787274,,
204444440,4,0,4.0,0.0006780666393457,,
2955491920,7,10,7.0,0.0009863930142495,,
887742563444301824,1,10,1.0,0.0005206296691613,,
830886553123700736,2,10,2.0,0.0006883593375059,,
2917736960,5,8,5.0,0.000680681803877,,
15976705,4,10,4.0,0.0005434255075274,,
245963716,3,0,3.0,0.0005206296691613,,
912735824793493504,2,10,2.0,0.0006883593375059,,
130798456,2,0,2.0,0.0006037858906205,,
3257227629,4,8,4.0,0.0005206296691613,,
435331179,5,8,5.0,0.0005434255075274,,
1103424121986265093,4,0,4.0,0.0007850470462439,,
25202268,3,0,3.0,0.0005442830053969,,
100594799,4,0,4.0,0.0005206296691613,,
958408514807967751,1,0,1.0,0.0005206296691613,,
1052663066037506048,1,0,1.0,0.0005206296691613,,
2715687970,3,10,3.0,0.0005206296691613,,
20742461,1,10,1.0,0.0005206296691613,,
151930383,2,0,2.0,0.0006274350600154,,
26900055,4,0,4.0,0.0011774058274869,,
1034868411354861568,5,10,5.0,0.0005952664437664,,
827934520112472065,1,10,1.0,0.0006471208156046,,
2950103415,5,0,5.0,0.0007728608570477,,
341194704,2,0,2.0,0.0005293056530404,,
4789918822,14,10,14.0,0.0013613188152464,,
963223121363861504,6,10,6.0,0.0006049549707484,,
19080151,1,10,1.0,0.0005206296691613,,
34793170,9,10,9.0,0.0039237087792369,,
886595855691784195,14,0,14.0,0.0013787867361067,,
2611624367,7,10,7.0,0.0014261062855403,,
769232694807040000,4,7,4.0,0.0009389371975759,,
872331828,10,1,10.0,0.0007288898389463,,
878247600096509952,2,0,2.0,0.0006269787247843,,
1866938882,2,10,2.0,0.0006304865928379,,
1187453344563941377,1,10,1.0,0.0011268110981619,,
2717961126,3,10,3.0,0.000604703666644,,
180984316,1,0,1.0,0.0005488797218653,,
413327979,3,0,3.0,0.00066785865976,,
949934436,3,10,3.0,0.0006749293733525,,
783792992,4,8,4.0,0.0005901437133423,,
292929271,11,0,11.0,0.0007312887367864,,
17840773,4,0,4.0,0.0006665559162513,,
1209417007,5,0,5.0,0.0006305493648613,,
29422823,4,8,4.0,0.000731487741505,,
1180598311516024832,17,1,17.0,0.0009937861460128,,
843475523389050880,10,1,10.0,0.0008530662183576,,
54280262,1,10,1.0,0.0005206296691613,,
799255041672499200,4,10,4.0,0.0011020991110598,,
2490585386,3,10,3.0,0.0007392843853928,,
1072342620024815622,6,0,6.0,0.0005600688108291,,
1069754296282071040,4,10,4.0,0.0011292783401429,,
38644883,2,0,2.0,0.0006380592805858,,
88749392,3,10,3.0,0.0006134145737139,,
1106771843929788419,5,10,5.0,0.0008555776005672,,
864663235923820545,7,10,7.0,0.0014104127818929,,
804100121013190660,1,10,1.0,0.0005736619178387,,
1105682065780064258,16,1,16.0,0.0008869055245661,,
18608115,2,10,2.0,0.0007596233956138,,
892275857779118080,3,10,3.0,0.0007246451829821,,
259001548,10,0,10.0,0.000640722718665,,
1093842517622210560,12,1,12.0,0.0007678853794002,,
818893114979061761,8,10,8.0,0.0008572681850965,,
2680192368,5,0,5.0,0.0007043105075146,,
4504453394,7,10,7.0,0.000745914188247,,
91882544,2,0,2.0,0.0006487699540915,,
838516638450253824,3,10,3.0,0.0007119940012771,,
1180275026643128320,12,1,12.0,0.0008561708448767,,
89068115,2,0,2.0,0.0006750141426612,,
26570572,3,0,3.0,0.0005831368317658,,
2889924959,7,10,7.0,0.0005458467195697,,
51259456,1,10,1.0,0.0005206296691613,,
753385398718521344,4,0,4.0,0.0007031698969498,,
51241418,1,10,1.0,0.0005206296691613,,
1194780218667470849,17,10,17.0,0.0013361576492393,,
37981933,1,10,1.0,0.000600481769003,,
811514954159443968,1,8,1.0,0.000542753428053,,
51827732,8,10,8.0,0.00188916058788,,
26548315,9,10,9.0,0.0006147385085947,,
14247236,2,10,2.0,0.0006145521013583,,
52631277,2,10,2.0,0.0011278987376536,,
951302891708583936,6,0,6.0,0.0006955435368598,,
1094146978160758784,1,0,1.0,0.0005527804320609,,
238170109,25,1,25.0,0.0014317085830013,,
358545917,3,0,3.0,0.0005206296691613,,
2735556450,1,10,1.0,0.000600481769003,,
2323448533,6,10,6.0,0.0009594391438171,,
145987317,3,10,3.0,0.0007676513112968,,
864487498935787520,3,10,3.0,0.0007612793316739,,
1037479904395317250,4,10,4.0,0.0008187158600265,,
4459642286,5,10,5.0,0.0005206296691613,,
1169665468715716608,4,10,4.0,0.000777815975761,,
890381594170712064,2,8,2.0,0.0005915094440179,,
471672239,1,0,1.0,0.0005488797218653,,
241518558,4,10,4.0,0.0008175157397135,,
3160248614,2,10,2.0,0.0005206296691613,,
1074480192,2,0,2.0,0.000548531356731,,
16931008,3,10,3.0,0.001018041813977,,
17060573,1,0,1.0,0.0005206296691613,,
500391228,1,10,1.0,0.0006370364780759,,
827497128062758912,1,10,1.0,0.0006478765983033,,
919667724535648262,3,10,3.0,0.0007112900549722,,
3930472251,4,10,4.0,0.0007004802956081,,
823566879558090753,2,2,2.0,0.0005206296691613,,
956153251501658112,1,2,1.0,0.0007418672580782,,
2249531,1,7,1.0,0.0006224211830047,,
49034507,3,0,3.0,0.0005206296691613,,
338672074,12,1,12.0,0.0007708764837425,,
381829318,7,10,7.0,0.0016453791921543,,
11991912,7,1,7.0,0.0006931021556121,,
21322255,2,8,2.0,0.0005959516790415,,
45033456,1,0,1.0,0.0005206296691613,,
4846298811,7,8,7.0,0.0007665651906891,,
556118417,3,0,3.0,0.0006528031172252,,
59862199,2,10,2.0,0.0005439178364157,,
283482455,10,1,10.0,0.0008639049970588,,
172511244,2,0,2.0,0.0009240403152937,,
467726691,2,10,2.0,0.0006224211830047,,
15447123,7,8,7.0,0.0009212209893549,,
934500442364559360,3,10,3.0,0.0006883593375059,,
2228130159,3,0,3.0,0.0008026937114166,,
388350912,2,8,2.0,0.0006818738135691,,
705902960967094272,2,0,2.0,0.0006521091778792,,
160244947,2,10,2.0,0.0005349030619946,,
796899745889402880,9,0,9.0,0.0010417128924795,,
730526980370776064,3,10,3.0,0.0006495393728612,,
903742498811416576,17,1,17.0,0.0010168162219242,,
15740776,1,10,1.0,0.0013237089771368,,
23593446,1,10,1.0,0.0006492469380176,,
44174671,9,1,9.0,0.0009685203557201,,
45500908,6,8,6.0,0.0009830928741364,,
816652616625168388,9,0,9.0,0.0009160734893434,,
753367570669903873,2,10,2.0,0.0005206296691613,,
766709684,5,7,5.0,0.0009288567994801,,
1880725393,4,8,4.0,0.0007002306511901,,
21418443,5,10,5.0,0.0022893339038398,,
17261066,3,10,3.0,0.0007479376533313,,
3303944139,7,0,7.0,0.0009299584421639,,
3316346737,7,8,7.0,0.0006362901449155,,
22095410,3,8,3.0,0.0010656293385311,,
166751745,11,0,11.0,0.0008872853953545,,
2746942355,7,7,7.0,0.0040947639465602,,
883103523508019200,1,2,1.0,0.0007418672580782,,
784532076079046656,18,1,18.0,0.001469867807043,,
774407512598704128,4,10,4.0,0.0005206296691613,,
15220768,5,10,5.0,0.0005206296691613,,
752493806,1,0,1.0,0.0008744942410866,,
519072324,9,8,9.0,0.0011215816295639,,
898272197407584257,5,8,5.0,0.0007848142934121,,
1084888839427182592,13,1,13.0,0.0009109578782092,,
3007818287,16,1,16.0,0.0010059225680941,,
4745668153,14,1,14.0,0.0009154793457016,,
494567353,16,1,16.0,0.0009884233026344,,
1198629303958802432,1,0,1.0,0.0005206296691613,,
714234573345931264,1,3,1.0,0.0005206296691613,,
958064770019741696,1,3,1.0,0.0009631048469951,,
229141520,5,0,5.0,0.000837858574536,,
972909709,6,0,6.0,0.0021281277180935,,
898904244,3,0,3.0,0.0009248308798096,,
730074470010982402,1,0,1.0,0.0005206296691613,,
878916812,3,0,3.0,0.001055907931075,,
36715753,6,0,6.0,0.000666357903375,,
1529551105,6,7,6.0,0.0018088103609057,,
22203756,5,0,5.0,0.0007405550601862,,
830128820447539208,1,0,1.0,0.0006274350600154,,
1144714428123762688,11,1,11.0,0.0009890639627635,,
42755624,6,10,6.0,0.0025163099742443,,
1108139961881161729,3,10,3.0,0.0013642901678761,,
387980164,17,1,17.0,0.001553219559437,,
1105579199081910279,1,0,1.0,0.0007176910098614,,
546247295,29,1,29.0,0.0029687316996597,,
971051135996964864,2,10,2.0,0.0006527800534947,,
4121225056,6,0,6.0,0.0011190837315782,,
34868965,5,1,5.0,0.0006728141216049,,
750046943905058816,1,10,1.0,0.0006495393728612,,
940368062,3,0,3.0,0.0007946541482636,,
601535938,2,0,2.0,0.0007566583560738,,
16358213,17,8,17.0,0.001415243007544,,
202952121,1,0,1.0,0.0010681527388956,,
9300262,19,1,19.0,0.0016698443970641,,
60919240,3,7,3.0,0.0006855389046678,,
1176174675707273217,4,10,4.0,0.0017194209252657,,
18956073,12,0,12.0,0.0011953382914008,,
244655353,6,10,6.0,0.000784925630269,,
1147250593578278912,1,0,1.0,0.0005206296691613,,
715044396,2,0,2.0,0.0005206296691613,,
175828319,1,0,1.0,0.0005206296691613,,
111721601,1,10,1.0,0.0006184256920708,,
16523905,2,0,2.0,0.0013262423307969,,
15745368,2,0,2.0,0.0005442830053969,,
15416505,2,0,2.0,0.0009236433800741,,
4696552878,9,8,9.0,0.0009114527645272,,
1051991690167418880,1,0,1.0,0.0007401674808645,,
195826487,4,10,4.0,0.0006312711143364,,
376453771,7,0,7.0,0.0020250609351435,,
171598736,2,10,2.0,0.0006079269062084,,
14828860,7,0,7.0,0.0010259873774479,,
46176168,5,1,5.0,0.0009104646774462,,
22956220,8,0,8.0,0.0012844784332831,,
355591226,5,8,5.0,0.0011651991762144,,
13850422,14,1,14.0,0.000909507527631,,
1052257957919031297,8,0,8.0,0.0011654150564617,,
38284349,1,0,1.0,0.0006658828583527,,
19400611,3,0,3.0,0.0005846533433071,,
701825647,8,0,8.0,0.0020706558661664,,
22677397,2,0,2.0,0.0024220628251671,,
963431664671186944,8,0,8.0,0.0018851370956883,,
61112850,4,0,4.0,0.0007947756381226,,
2554131522,1,0,1.0,0.0006658828583527,,
174880041,4,10,4.0,0.0006541998777355,,
1170304086497005568,4,10,4.0,0.0007138860633765,,
23022687,3,0,3.0,0.0009693101177876,,
871121912,5,0,5.0,0.0010322365315991,,
89820928,1,10,1.0,0.0005794160249188,,
822501908036337664,5,0,5.0,0.0010499206127336,,
14820509,3,10,3.0,0.0014224344295343,,
4707468799,4,10,4.0,0.0008772934941471,,
39769631,5,10,5.0,0.0006640631283624,,
2966770391,3,10,3.0,0.0006719774969026,,
338608917,6,10,6.0,0.0006543499918191,,
34916539,2,0,2.0,0.0005766010656952,,
459872442,4,10,4.0,0.0008649228901656,,
15012486,1,8,1.0,0.0005206296691613,,
1182346921920348161,2,10,2.0,0.0007869017685443,,
35877890,6,8,6.0,0.0009267667442604,,
756892471511097344,2,1,2.0,0.0005647444757477,,
1924353668,2,0,2.0,0.0009578841665151,,
1013374544,3,8,3.0,0.0008287132637212,,
744252001572233216,2,10,2.0,0.0006586931741331,,
14344823,1,0,1.0,0.0005206296691613,,
3736222752,3,0,3.0,0.0020446048436706,,
2995083651,1,10,1.0,0.0005206296691613,,
18000989,6,8,6.0,0.0012450803429009,,
98992586,7,8,7.0,0.001140157468581,,
22008787,1,0,1.0,0.0005442830053969,,
826104850194653186,2,0,2.0,0.0006798824911028,,
825490116755996672,5,8,5.0,0.0011442075302556,,
3017963387,13,8,13.0,0.0015027249461657,,
3995778614,1,0,1.0,0.0005206296691613,,
1152841095568662529,16,1,16.0,0.0012278567219614,,
34792486,1,10,1.0,0.0005794160249188,,
1205226529455632385,6,10,6.0,0.0007298412906294,,
9491292,14,8,14.0,0.005904809811539,,
702920066761826305,16,8,16.0,0.0072228051639715,,
1156973624768831489,11,1,11.0,0.0018312115878289,,
177584156,4,0,4.0,0.0008121492456059,,
139823781,1,10,1.0,0.0005206296691613,,
96149284,1,10,1.0,0.0005206296691613,,
466992330,4,10,4.0,0.0010651005367532,,
20480549,1,8,1.0,0.0005370139329896,,
3756427159,8,8,8.0,0.0047981072861296,,
16411851,6,8,6.0,0.0026439773951272,,
885581376,3,0,3.0,0.0005879867915907,,
449974837,2,0,2.0,0.0006839170565651,,
2975091705,1,0,1.0,0.0005206296691613,,
382685028,1,10,1.0,0.0005794160249188,,
152009592,7,0,7.0,0.0027518661166548,,
249756038,2,0,2.0,0.0016516597762116,,
981287750094786561,8,10,8.0,0.0014606930972413,,
113342420,10,1,10.0,0.0017255923849798,,
1150433767279828993,8,1,8.0,0.0016593466598485,,
1067968702400876544,2,10,2.0,0.0014066204293762,,
1004523129371230208,2,0,2.0,0.0014300450589332,,
187680645,2,0,2.0,0.0007871577216281,,
70442852,10,10,10.0,0.0034879829923154,,
712291024161415170,1,8,1.0,0.0005206296691613,,
1651522832,2,10,2.0,0.0029027385181315,,
800111181058838528,1,10,1.0,0.0005206296691613,,
1390094958,1,4,1.0,0.0005206296691613,,
795890441250099200,1,4,1.0,0.0009631048469951,,
1634552636,3,10,3.0,0.0017137667940309,,
1137706470877880320,5,1,5.0,0.0007732132065758,,
965004924370079744,7,8,7.0,0.0064589864300674,,
25387735,1,7,1.0,0.0006224211830047,,
455684839,2,10,2.0,0.0019541806033889,,
1161770724429897728,4,1,4.0,0.0009403616465162,,
143104075,2,1,2.0,0.0005206296691613,,
14193053,1,10,1.0,0.002843503063729,,
2725669979,1,1,1.0,0.0007418672580782,,
240760644,4,0,4.0,0.0008409229305607,,
1608976652,1,0,1.0,0.0006126417119444,,
3000889809,6,10,6.0,0.0008730013159656,,
763473214957813760,1,10,1.0,0.0005997478048173,,
138168339,2,7,2.0,0.0005364323540839,,
797080559839309824,1,7,1.0,0.0005206296691613,,
21823130,2,7,2.0,0.0005903446543405,,
1080477288955826176,3,0,3.0,0.000855428989384,,
27547008,5,1,5.0,0.0024883606240339,,
15941056,1,0,1.0,0.0018852717495858,,
1075121162743676928,1,10,1.0,0.0005997478048173,,
784596813038911488,7,7,7.0,0.0012603311945245,,
248747209,2,10,2.0,0.0010575906573745,,
776182683085012992,3,10,3.0,0.0011230645856644,,
701725963,5,7,5.0,0.001249350180712,,
54412900,3,0,3.0,0.002843723068814,,
528763476,7,1,7.0,0.001945085603398,,
18464266,3,8,3.0,0.0008244847438579,,
586918186,1,8,1.0,0.0014593046487838,,
491719838,2,0,2.0,0.0015423504016315,,
19026201,4,0,4.0,0.0033802160213796,,
379690254,1,0,1.0,0.0006622136131086,,
820810838038589440,5,1,5.0,0.0006626215567102,,
26991652,4,0,4.0,0.0012862996267575,,
50519684,3,0,3.0,0.0018027637453431,,
21949261,8,1,8.0,0.0021640140695217,,
1208966564122415109,5,1,5.0,0.001013678769699,,
3384262751,1,0,1.0,0.0006087951492609,,
1382330306,3,10,3.0,0.0032353766020355,,
143169070,1,0,1.0,0.0018852717495858,,
263751035,10,8,10.0,0.0021244241049423,,
175516377,9,8,9.0,0.0047417662743399,,
162620363,15,8,15.0,0.0092087066958981,,
35745067,30,1,30.0,0.0035090922954053,,
22160119,27,1,27.0,0.0045867740959817,,
16116288,1,10,1.0,0.0005952664437664,,
56725219,13,1,13.0,0.0019836970778993,,
14515799,4,10,4.0,0.0010319288587845,,
63876208,7,8,7.0,0.0017595654951107,,
44774107,1,0,1.0,0.000608091778329,,
164679813,1,10,1.0,0.0005798651235638,,
450941680,5,0,5.0,0.0075941626311479,,
2884771,6,1,6.0,0.0006338365757694,,
216881337,2,0,2.0,0.0021935915811852,,
39469575,1,5,1.0,0.0005206296691613,,
22771961,1,5,1.0,0.0009631048469951,,
632557215,1,0,1.0,0.0006658828583527,,
